-- Generated by SQL Maestro for MySQL. Release date 08/06/2011
-- 21/08/2011 13:46:15
-- ----------------------------------
-- Alias: payroll_db at localhost
-- Database name: payroll_db
-- Host: localhost
-- Port number: 3306
-- User name: root
-- Server: 5.0.18-nt
-- Session ID: 267
-- Character set: latin1
-- Collation: latin1_swedish_ci


CREATE DATABASE payroll_db
  CHARACTER SET latin1
  COLLATE latin1_swedish_ci;

USE payroll_db;

/* Tables */
CREATE TABLE absensi_lembur (
  kd_absen             char(16) NOT NULL,
  nip                  char(3),
  tanggal_absen        date,
  jam_masuk            time,
  jam_pulang           time,
  hari                 char(8),
  tipehari             char(10),
  waktu_telat          time,
  waktu_lembur         time,
  tipe_lembur_pegawai  char(12),
  tot_waktu_lembur     time,
  tun_makan            int,
  tun_transport        int,
  PRIMARY KEY (kd_absen)
) ENGINE = InnoDB;

CREATE TABLE absensi_tmp (
  nip        char(3),
  tgl_absen  date,
  time_in    time,
  time_out   time
) ENGINE = InnoDB;

CREATE TABLE departemen (
  kd_dep    char(4) NOT NULL,
  nama_dep  char(15),
  PRIMARY KEY (kd_dep)
) ENGINE = InnoDB;

CREATE TABLE golongan (
  kd_gol    char(4) NOT NULL,
  nama_gol  char(15),
  PRIMARY KEY (kd_gol)
) ENGINE = InnoDB;

CREATE TABLE jabatan (
  kd_jab    char(4) NOT NULL,
  nama_jab  char(15),
  PRIMARY KEY (kd_jab)
) ENGINE = InnoDB;

CREATE TABLE pegawai (
  nip         char(3) NOT NULL,
  nama        char(30),
  kd_gol      char(4),
  kd_dep      char(4),
  kd_jab      char(4),
  jk          char(2),
  pendidikan  char(12),
  tgl_masuk   date,
  tgl_keluar  char(10),
  alamat      varchar(60),
  telp_rumah  char(12),
  hp          char(12),
  PRIMARY KEY (nip)
) ENGINE = InnoDB;

CREATE TABLE rekap_lembur (
  kd_lembur            char(10) NOT NULL,
  nip                  char(3),
  total_lembur         int,
  total_tun_makan      int,
  total_tun_transport  int,
  total_uang_lembur    mediumtext,
  PRIMARY KEY (kd_lembur)
) ENGINE = InnoDB;

CREATE TABLE setting_tarif_lembur (
  nip             char(3) NOT NULL,
  jenis_lembur    char(12),
  tarif_lembur    int,
  uang_makan      int,
  uang_transport  int,
  PRIMARY KEY (nip)
) ENGINE = InnoDB;

CREATE TABLE setting_waktu (
  start_worktime  time,
  break1          time,
  end_worktime    time,
  break2          time,
  break3          time
) ENGINE = InnoDB;

CREATE TABLE user (
  user_id  char(12) NOT NULL,
  nama     char(20),
  psw      char(15),
  PRIMARY KEY (user_id)
) ENGINE = InnoDB;

/* Data for table "absensi_lembur" */
INSERT INTO absensi_lembur (kd_absen, nip, tanggal_absen, jam_masuk, jam_pulang, hari, tipehari, waktu_telat, waktu_lembur, tipe_lembur_pegawai, tot_waktu_lembur, tun_makan, tun_transport) VALUES
  ('17082011001', '001', '2011-08-17', '08:00:00', '17:00:00', 'Rabu', 'Regular', NULL, NULL, '', NULL, 0, 0),
  ('18082011002', '002', '2011-08-18', '08:00:00', '18:00:00', 'Kamis', 'Regular', NULL, '01:00:00', '', '01:00:00', 0, 0),
  ('19082011003', '003', '2011-08-19', '08:00:00', '17:00:00', 'Jumat', 'Regular', NULL, NULL, '', NULL, 0, 0);


/* Data for table "absensi_tmp" */
INSERT INTO absensi_tmp (nip, tgl_absen, time_in, time_out) VALUES
  ('001', '2011-08-17', '08:00:00', '17:00:00'),
  ('002', '2011-08-18', '08:00:00', '18:00:00'),
  ('003', '2011-08-19', '08:00:00', '17:00:00');


/* Data for table "departemen" */
INSERT INTO departemen (kd_dep, nama_dep) VALUES
  ('ACC', 'Accounting'),
  ('MAR', 'MArketing'),
  ('PUR', 'PURCHASING');


/* Data for table "golongan" */
INSERT INTO golongan (kd_gol, nama_gol) VALUES
  ('G1', 'Golongan-1'),
  ('G2', 'Golongan-2'),
  ('G3', 'Golongan-3');


/* Data for table "jabatan" */
INSERT INTO jabatan (kd_jab, nama_jab) VALUES
  ('DIR', 'Direktur'),
  ('GM', 'General Manager');


/* Data for table "pegawai" */
INSERT INTO pegawai (nip, nama, kd_gol, kd_dep, kd_jab, jk, pendidikan, tgl_masuk, tgl_keluar, alamat, telp_rumah, hp) VALUES
  ('001', 'Pegawai 1', 'G3', 'MAR', 'DIR', 'L', 'S1/D4', '2000-01-01', '', 'Jl. Ahmad Yani Bekasi', '021234567', '08123456789'),
  ('002', 'Pegawai 2', 'G2', 'ACC', 'DIR', 'L', 'Diploma 3', '2002-02-02', '', 'Indonesia', '021234567', '08123456789'),
  ('003', 'Pegawai 3', 'G1', 'ACC', 'DIR', 'P', 'Diploma 3', '2003-03-03', '', 'Indonesia Merdeka', '02123456', '087727777000'),
  ('004', 'Pegawai 4', 'G3', 'MAR', 'DIR', 'L', 'Diploma 3', '2004-04-04', '', 'Mana Aja Boleh', '-', '-');


/* Data for table "rekap_lembur" */


/* Data for table "setting_tarif_lembur" */
INSERT INTO setting_tarif_lembur (nip, jenis_lembur, tarif_lembur, uang_makan, uang_transport) VALUES
  ('001', 'Lembur', 8000, 6000, 7000),
  ('002', 'Bukan Lembur', 6000, 6000, 5000),
  ('003', 'Lembur', 7000, 5000, 6000),
  ('004', 'Lembur', 5000, 6000, 7000);


/* Data for table "setting_waktu" */
INSERT INTO setting_waktu (start_worktime, break1, end_worktime, break2, break3) VALUES
  ('08:00:00', '00:50:00', '17:00:00', '00:15:00', '00:15:00');


/* Data for table "user" */
INSERT INTO user (user_id, nama, psw) VALUES
  ('admin', 'administrator', 'admin');
